task_id,benchmark_verdict,mind3_signoff,gate1,gate2,gate3,failure_class,sha256_match,log_path
Prob001_zero,COMPILER_ERROR,FAIL,SKIPPED,SKIPPED,SKIPPED,MODEL_GENERATION_FAILURE,True,/home/mind/Desktop/AI/artifacts/P6/logs/Prob001_zero.log
Prob002_m2014_q4i,PASS,FAIL,PASS,FAIL,SKIPPED,GATE2_INFRASTRUCTURE_FAILURE,True,/home/mind/Desktop/AI/artifacts/P6/logs/Prob002_m2014_q4i.log
Prob003_step_one,SYNTAX_ERROR,FAIL,FAIL,SKIPPED,SKIPPED,GATE1_GENUINE_RTL_FAILURE,True,/home/mind/Desktop/AI/artifacts/P6/logs/Prob003_step_one.log
Prob004_vector2,MISMATCH,FAIL,PASS,FAIL,SKIPPED,GATE2_INFRASTRUCTURE_FAILURE,True,/home/mind/Desktop/AI/artifacts/P6/logs/Prob004_vector2.log
Prob005_notgate,COMPILER_ERROR,FAIL,SKIPPED,SKIPPED,SKIPPED,MODEL_GENERATION_FAILURE,True,/home/mind/Desktop/AI/artifacts/P6/logs/Prob005_notgate.log
Prob006_vectorr,MISMATCH,FAIL,PASS,FAIL,SKIPPED,GATE2_INFRASTRUCTURE_FAILURE,True,/home/mind/Desktop/AI/artifacts/P6/logs/Prob006_vectorr.log
Prob007_wire,COMPILER_ERROR,FAIL,SKIPPED,SKIPPED,SKIPPED,MODEL_GENERATION_FAILURE,True,/home/mind/Desktop/AI/artifacts/P6/logs/Prob007_wire.log
Prob008_m2014_q4h,PASS,FAIL,PASS,FAIL,SKIPPED,GATE2_INFRASTRUCTURE_FAILURE,True,/home/mind/Desktop/AI/artifacts/P6/logs/Prob008_m2014_q4h.log
Prob009_popcount3,MISMATCH,FAIL,PASS,FAIL,SKIPPED,GATE2_INFRASTRUCTURE_FAILURE,True,/home/mind/Desktop/AI/artifacts/P6/logs/Prob009_popcount3.log
Prob010_mt2015_q4a,COMPILER_ERROR,FAIL,SKIPPED,SKIPPED,SKIPPED,MODEL_GENERATION_FAILURE,True,/home/mind/Desktop/AI/artifacts/P6/logs/Prob010_mt2015_q4a.log
Prob011_norgate,COMPILER_ERROR,FAIL,SKIPPED,SKIPPED,SKIPPED,MODEL_GENERATION_FAILURE,True,/home/mind/Desktop/AI/artifacts/P6/logs/Prob011_norgate.log
Prob012_xnorgate,PASS,FAIL,PASS,FAIL,SKIPPED,GATE2_INFRASTRUCTURE_FAILURE,True,/home/mind/Desktop/AI/artifacts/P6/logs/Prob012_xnorgate.log
Prob013_m2014_q4e,COMPILER_ERROR,FAIL,SKIPPED,SKIPPED,SKIPPED,MODEL_GENERATION_FAILURE,True,/home/mind/Desktop/AI/artifacts/P6/logs/Prob013_m2014_q4e.log
Prob014_andgate,COMPILER_ERROR,FAIL,SKIPPED,SKIPPED,SKIPPED,MODEL_GENERATION_FAILURE,True,/home/mind/Desktop/AI/artifacts/P6/logs/Prob014_andgate.log
Prob015_vector1,COMPILER_ERROR,FAIL,SKIPPED,SKIPPED,SKIPPED,MODEL_GENERATION_FAILURE,True,/home/mind/Desktop/AI/artifacts/P6/logs/Prob015_vector1.log
Prob016_m2014_q4j,PASS,FAIL,PASS,FAIL,SKIPPED,GATE2_INFRASTRUCTURE_FAILURE,True,/home/mind/Desktop/AI/artifacts/P6/logs/Prob016_m2014_q4j.log
Prob017_mux2to1v,COMPILER_ERROR,FAIL,SKIPPED,SKIPPED,SKIPPED,MODEL_GENERATION_FAILURE,True,/home/mind/Desktop/AI/artifacts/P6/logs/Prob017_mux2to1v.log
Prob018_mux256to1,COMPILER_ERROR,FAIL,SKIPPED,SKIPPED,SKIPPED,MODEL_GENERATION_FAILURE,True,/home/mind/Desktop/AI/artifacts/P6/logs/Prob018_mux256to1.log
Prob019_m2014_q4f,PASS,FAIL,PASS,FAIL,SKIPPED,GATE2_INFRASTRUCTURE_FAILURE,True,/home/mind/Desktop/AI/artifacts/P6/logs/Prob019_m2014_q4f.log
Prob020_mt2015_eq2,COMPILER_ERROR,FAIL,SKIPPED,SKIPPED,SKIPPED,MODEL_GENERATION_FAILURE,True,/home/mind/Desktop/AI/artifacts/P6/logs/Prob020_mt2015_eq2.log
Prob021_mux256to1v,COMPILER_ERROR,FAIL,PASS,FAIL,SKIPPED,GATE2_INFRASTRUCTURE_FAILURE,True,/home/mind/Desktop/AI/artifacts/P6/logs/Prob021_mux256to1v.log
Prob022_mux2to1,PASS,FAIL,PASS,FAIL,SKIPPED,GATE2_INFRASTRUCTURE_FAILURE,True,/home/mind/Desktop/AI/artifacts/P6/logs/Prob022_mux2to1.log
Prob023_vector100r,MISMATCH,FAIL,PASS,FAIL,SKIPPED,GATE2_INFRASTRUCTURE_FAILURE,True,/home/mind/Desktop/AI/artifacts/P6/logs/Prob023_vector100r.log
Prob024_hadd,COMPILER_ERROR,FAIL,SKIPPED,SKIPPED,SKIPPED,MODEL_GENERATION_FAILURE,True,/home/mind/Desktop/AI/artifacts/P6/logs/Prob024_hadd.log
Prob025_reduction,COMPILER_ERROR,FAIL,PASS,FAIL,SKIPPED,GATE2_INFRASTRUCTURE_FAILURE,True,/home/mind/Desktop/AI/artifacts/P6/logs/Prob025_reduction.log
Prob026_alwaysblock1,COMPILER_ERROR,FAIL,SKIPPED,SKIPPED,SKIPPED,MODEL_GENERATION_FAILURE,True,/home/mind/Desktop/AI/artifacts/P6/logs/Prob026_alwaysblock1.log
Prob027_fadd,COMPILER_ERROR,FAIL,SKIPPED,SKIPPED,SKIPPED,MODEL_GENERATION_FAILURE,True,/home/mind/Desktop/AI/artifacts/P6/logs/Prob027_fadd.log
Prob028_m2014_q4a,COMPILER_ERROR,FAIL,SKIPPED,SKIPPED,SKIPPED,MODEL_GENERATION_FAILURE,True,/home/mind/Desktop/AI/artifacts/P6/logs/Prob028_m2014_q4a.log
Prob029_m2014_q4g,PASS,FAIL,PASS,FAIL,SKIPPED,GATE2_INFRASTRUCTURE_FAILURE,True,/home/mind/Desktop/AI/artifacts/P6/logs/Prob029_m2014_q4g.log
Prob030_popcount255,COMPILER_ERROR,FAIL,SKIPPED,SKIPPED,SKIPPED,MODEL_GENERATION_FAILURE,True,/home/mind/Desktop/AI/artifacts/P6/logs/Prob030_popcount255.log
