task,final_status,Gate1,Gate3,Gate2,Gate4,Gate6,signoff,first_failing_gate,error_text,evidence_path
counter_01,ROLLED_BACK,PASS,PASS,PASS,PASS,FAIL,ROLLED_BACK,CDC_VIOLATION,CDC analysis detected 2 unregistered clock-domain crossing(s) (rtl-buddy-cdc engine).,artifacts/stage22_fresh_30b/transcripts/counter_01.json + run_workspaces/counter_01/.mind/transcript.jsonl
counter_02,ROLLED_BACK,PASS,PASS,PASS,PASS,FAIL,ROLLED_BACK,CDC_VIOLATION,CDC analysis detected 1 unregistered clock-domain crossing(s) (rtl-buddy-cdc engine).,artifacts/stage22_fresh_30b/transcripts/counter_02.json + run_workspaces/counter_02/.mind/transcript.jsonl
counter_03,ROLLED_BACK,PASS,PASS,PASS,PASS,FAIL,ROLLED_BACK,CDC_VIOLATION,CDC analysis detected 2 unregistered clock-domain crossing(s) (rtl-buddy-cdc engine).,artifacts/stage22_fresh_30b/transcripts/counter_03.json + run_workspaces/counter_03/.mind/transcript.jsonl
counter_04,SILICON_VERIFIED,PASS,PASS,PASS,PASS,PASS,SILICON_VERIFIED,,,artifacts/stage22_fresh_30b/transcripts/counter_04.json + run_workspaces/counter_04/.mind/transcript.jsonl
counter_05,ROLLED_BACK,PASS,PASS,FAIL,NOT_RUN,NOT_RUN,ROLLED_BACK,FORMAL_INVARIANT_BREACH,Formal invariant violated at cycle step T=9. Assertion: counter_05_formal_top.sva.$assert$counter_05_sva.sv. Trace: counter_05/engine_0/trace.vcd.,artifacts/stage22_fresh_30b/transcripts/counter_05.json + run_workspaces/counter_05/.mind/transcript.jsonl
counter_06,ROLLED_BACK,PASS,PASS,FAIL,NOT_RUN,NOT_RUN,ROLLED_BACK,FORMAL_INVARIANT_BREACH,Formal invariant violated at cycle step T=3. Assertion: counter_06_formal_top.sva.$assert$counter_06_sva.sv. Trace: counter_06/engine_0/trace.vcd.,artifacts/stage22_fresh_30b/transcripts/counter_06.json + run_workspaces/counter_06/.mind/transcript.jsonl
counter_07,ROLLED_BACK,PASS,PASS,PASS,PASS,FAIL,ROLLED_BACK,CDC_VIOLATION,CDC analysis detected 2 unregistered clock-domain crossing(s) (rtl-buddy-cdc engine).,artifacts/stage22_fresh_30b/transcripts/counter_07.json + run_workspaces/counter_07/.mind/transcript.jsonl
counter_08,ROLLED_BACK,PASS,PASS,FAIL,NOT_RUN,NOT_RUN,ROLLED_BACK,FORMAL_INVARIANT_BREACH,Formal invariant violated at cycle step T=3. Assertion: counter_08_formal_top.sva.$assert$counter_08_sva.sv. Trace: counter_08/engine_0/trace.vcd.,artifacts/stage22_fresh_30b/transcripts/counter_08.json + run_workspaces/counter_08/.mind/transcript.jsonl
counter_09,SILICON_VERIFIED,PASS,PASS,PASS,PASS,PASS,SILICON_VERIFIED,,,artifacts/stage22_fresh_30b/transcripts/counter_09.json + run_workspaces/counter_09/.mind/transcript.jsonl
counter_10,ROLLED_BACK,PASS,FAIL,NOT_RUN,NOT_RUN,NOT_RUN,ROLLED_BACK,COVERAGE_DEFICIT,"Coverage deficit: branch=75.0% (min 95.0%), toggle=20.0% (min 90.0%).",artifacts/stage22_fresh_30b/transcripts/counter_10.json + run_workspaces/counter_10/.mind/transcript.jsonl
